{
  "category": "Vocabulary - Spelling",
  "total_questions": 63,
  "questions": [
    {
      "question": "Select the wrongly spelt word:",
      "options": [
        "a) Germinate",
        "b) Geometry",
        "c) Generalise",
        "d) Geniune"
      ],
      "answer": "D (Correct spelling: Genuine)"
    },
    {
      "question": "Select the wrongly spelt word:",
      "options": [
        "a) Beneficiary",
        "b) Jewellry",
        "c) Military",
        "d) Literary"
      ],
      "answer": "B (Correct spelling: Jewellery)"
    },
    {
      "question": "Select the wrongly spelt word:",
      "options": [
        "a) Commission",
        "b) Omission",
        "c) Possession",
        "d) Occassion"
      ],
      "answer": "D (Correct spelling: Occasion)"
    },
    {
      "question": "Select the wrongly spelt word:",
      "options": [
        "a) Pronounciation",
        "b) Millennium",
        "c) Occurrence",
        "d) Misspell"
      ],
      "answer": "A (Correct spelling: Pronunciation)"
    },
    {
      "question": "Select the correctly spelt word:",
      "options": [
        "a) Renumerrtion",
        "b) Renumaration",
        "c) Renumertion",
        "d) Remuneration"
      ],
      "answer": "D"
    },
    {
      "question": "Select the correctly spelt word:",
      "options": [
        "a) Parrallel",
        "b) Parralel",
        "c) Parallel",
        "d) Paralel"
      ],
      "answer": "C"
    },
    {
      "question": "Select the correctly spelt word:",
      "options": [
        "a) Beificial",
        "b) Benificial",
        "c) Beneficial",
        "d) Benifical"
      ],
      "answer": "C"
    },
    {
      "question": "Select the correctly spelt word:",
      "options": [
        "a) Adultarate",
        "b) Adulterate",
        "c) Adultrate",
        "d) Adulltrate"
      ],
      "answer": "B"
    },
    {
      "question": "Select the correctly spelt word:",
      "options": [
        "a) Aliennate",
        "b) Allienate",
        "c) Alienate",
        "d) Alienatte"
      ],
      "answer": "C"
    },
    {
      "question": "Select the correctly spelt word:",
      "options": [
        "a) Martir",
        "b) Marter",
        "c) Martyer",
        "d) Martyr"
      ],
      "answer": "D"
    },
    {
      "question": "Select the correctly spelt word:",
      "options": [
        "a) Forefiet",
        "b) Fourfeit",
        "c) Forfeit",
        "d) Forefiet"
      ],
      "answer": "C"
    },
    {
      "question": "Select the correctly spelt word:",
      "options": [
        "a) Mosquito",
        "b) Mosquetoe",
        "c) Mosqueto",
        "d) Mosqiuto"
      ],
      "answer": "A"
    },
    {
      "question": "Select the correctly spelt word:",
      "options": [
        "a) Tarif",
        "b) Tarriff",
        "c) Tariff",
        "d) Tarrif"
      ],
      "answer": "C"
    },
    {
      "question": "Select the correctly spelt word:",
      "options": [
        "a) Endevor",
        "b) Endevour",
        "c) Endeavour",
        "d) Endavour"
      ],
      "answer": "C"
    },
    {
      "question": "Select the correctly spelt word:",
      "options": [
        "a) Apparrell",
        "b) Aparrel",
        "c) Aparral",
        "d) Apparel"
      ],
      "answer": "D"
    },
    {
      "question": "Select the correctly spelt word:",
      "options": [
        "a) Commemorate",
        "b) Comemmorate",
        "c) Comemoratte",
        "d) Comammorete"
      ],
      "answer": "A"
    },
    {
      "question": "Select the correctly spelt word:",
      "options": [
        "a) Racommend",
        "b) Recomend",
        "c) Recammend",
        "d) Recommend"
      ],
      "answer": "D"
    },
    {
      "question": "Select the correctly spelt word:",
      "options": [
        "a) Monastry",
        "b) Monestary",
        "c) Monastery",
        "d) Monastary"
      ],
      "answer": "C"
    },
    {
      "question": "Choose the correctly spelt word:",
      "options": [
        "a) Accommodation",
        "b) Accomodation",
        "c) Acommodation",
        "d) Accomodaetion"
      ],
      "answer": "A"
    },
    {
      "question": "Choose the correctly spelt word:",
      "options": [
        "a) Reciepent",
        "b) Recepient",
        "c) Recipient",
        "d) Recipent"
      ],
      "answer": "C"
    },
    {
      "question": "Choose the correctly spelt word:",
      "options": [
        "a) Endurance",
        "b) Ennduerence",
        "c) Enduerance",
        "d) Aendurenze"
      ],
      "answer": "A"
    },
    {
      "question": "Choose the correctly spelt word:",
      "options": [
        "a) Creatievity",
        "b) Creativity",
        "c) Craetivity",
        "d) Cretiviety"
      ],
      "answer": "B"
    },
    {
      "question": "Choose the correctly spelt word:",
      "options": [
        "a) Embarassmnt",
        "b) Embarrassment",
        "c) Embaerassment",
        "d) Embarrusment"
      ],
      "answer": "B"
    },
    {
      "question": "Select the correctly spelt word:",
      "options": [
        "a) Turbulance",
        "b) Abstruse",
        "c) Surveilance",
        "d) Obesance"
      ],
      "answer": "B"
    },
    {
      "question": "Select the correctly spelt word:",
      "options": [
        "a) Hygienic",
        "b) Hygeinic",
        "c) Hyegienic",
        "d) Hyigeinic"
      ],
      "answer": "A"
    },
    {
      "question": "Select the correctly spelt word:",
      "options": [
        "a) Cosmettics",
        "b) Courtesan",
        "c) Conglomer",
        "d) Compossure"
      ],
      "answer": "B"
    },
    {
      "question": "Select the correctly spelt word:",
      "options": [
        "a) Auspiscious",
        "b) Congrruous",
        "c) Hillarious",
        "d) Audacious"
      ],
      "answer": "D"
    },
    {
      "question": "Select the correctly spelt word:",
      "options": [
        "a) Pourous",
        "b) Castication",
        "c) Defunct",
        "d) Eficient"
      ],
      "answer": "C"
    },
    {
      "question": "Select the correctly spelt word:",
      "options": [
        "a) Rubust",
        "b) Kayacking",
        "c) Messmerize",
        "d) Coyote"
      ],
      "answer": "D"
    },
    {
      "question": "Choose the word with the correct spelling:",
      "options": [
        "a) Rheumatic",
        "b) Reumatic",
        "c) Rhuematic",
        "d) Ruematic"
      ],
      "answer": "A"
    },
    {
      "question": "Choose the word with the correct spelling:",
      "options": [
        "a) Lieuitenant",
        "b) Leutenant",
        "c) Lieutenant",
        "d) Liuetenant"
      ],
      "answer": "C"
    },
    {
      "question": "Choose the word with the correct spelling:",
      "options": [
        "a) Surveilance",
        "b) Surveillance",
        "c) Surveillence",
        "d) Surveilence"
      ],
      "answer": "B"
    },
    {
      "question": "Choose the word with the correct spelling:",
      "options": [
        "a) Comissioner",
        "b) Commissioner",
        "c) Commisioner",
        "d) Commissionor"
      ],
      "answer": "B"
    },
    {
      "question": "Choose the word with the correct spelling:",
      "options": [
        "a) Occurrence",
        "b) Ocurence",
        "c) Occurance",
        "d) Occurence"
      ],
      "answer": "A"
    },
    {
      "question": "Select the correctly spelt word:",
      "options": [
        "a) turbulance",
        "b) persevarance",
        "c) surveilance",
        "d) obeisance"
      ],
      "answer": "D"
    },
    {
      "question": "Select the correctly spelt word:",
      "options": [
        "a) hygienic",
        "b) hygeinic",
        "c) hyegienic",
        "d) hyigeinic"
      ],
      "answer": "A"
    },
    {
      "question": "Select the correctly spelt word:",
      "options": [
        "a) confinment",
        "b) consignment",
        "c) conteinment",
        "d) conceilment"
      ],
      "answer": "B"
    },
    {
      "question": "Select the correctly spelt word:",
      "options": [
        "a) auspiscious",
        "b) congrruous",
        "c) hillarious",
        "d) audacious"
      ],
      "answer": "D"
    },
    {
      "question": "Select the correctly spelt word:",
      "options": [
        "a) divienation",
        "b) dastitution",
        "c) dysfunction",
        "d) divarsion"
      ],
      "answer": "C"
    },
    {
      "question": "Find the correctly spelt word:",
      "options": [
        "a) Managable",
        "b) Manageable",
        "c) Manegable",
        "d) Managiable"
      ],
      "answer": "B"
    },
    {
      "question": "Find the correctly spelt word:",
      "options": [
        "a) Exemple",
        "b) Exampel",
        "c) Example",
        "d) Examplle"
      ],
      "answer": "C"
    },
    {
      "question": "Find the correctly spelt word:",
      "options": [
        "a) Draut",
        "b) Drout",
        "c) Drougt",
        "d) Drought"
      ],
      "answer": "D"
    },
    {
      "question": "Find the correctly spelt word:",
      "options": [
        "a) Pshycology",
        "b) Psychology",
        "c) Psycology",
        "d) Physchology"
      ],
      "answer": "B"
    },
    {
      "question": "Find the correctly spelt word:",
      "options": [
        "a) Beckon",
        "b) Beccon",
        "c) Beckone",
        "d) Bekkon"
      ],
      "answer": "A"
    },
    {
      "question": "Find the correctly spelt word:",
      "options": [
        "a) Caliber",
        "b) Caleber",
        "c) Calibre",
        "d) Celeber"
      ],
      "answer": "C"
    },
    {
      "question": "Find the correctly spelt word:",
      "options": [
        "a) Carriar",
        "b) Carier",
        "c) Carrier",
        "d) Carryier"
      ],
      "answer": "C"
    },
    {
      "question": "Find the correctly spelt word:",
      "options": [
        "a) Graduaet",
        "b) Greduate",
        "c) Graduete",
        "d) Graduate"
      ],
      "answer": "D"
    },
    {
      "question": "Find the correctly spelt word:",
      "options": [
        "a) Ancestor",
        "b) Ancesstor",
        "c) Ancester",
        "d) Ancoester"
      ],
      "answer": "A"
    },
    {
      "question": "Find the correctly spelt word:",
      "options": [
        "a) Courter",
        "b) Courtier",
        "c) Cortier",
        "d) Courteer"
      ],
      "answer": "B"
    },
    {
      "question": "Directions: Find the correctly spelt word. Orthopedic spelling:",
      "options": [
        "a) Orthopeadic",
        "b) Orthopadic",
        "c) Orthopaedic",
        "d) Orthopedic"
      ],
      "answer": "C (or D, both C (British/Traditional) and D (American) are correct, but C is often preferred in Indian exams)."
    },
    {
      "question": "Miscellaneous spelling:",
      "options": [
        "a) Miscellaneous",
        "b) Micellaneous",
        "c) Misellaneous",
        "d) Miscelaneous"
      ],
      "answer": "A"
    },
    {
      "question": "Diarrhoea spelling:",
      "options": [
        "a) Diarrhoea",
        "b) Diarrehia",
        "c) Diariheoa",
        "d) Diarihoea"
      ],
      "answer": "A"
    },
    {
      "question": "Directions: Find the correctly spelt word.",
      "options": [
        "a) benafit",
        "b) banifit",
        "c) benefit",
        "d) beniffit"
      ],
      "answer": "C"
    },
    {
      "question": "Correctly spelt word:",
      "options": [
        "a) straggling",
        "b) stragling",
        "c) straglling",
        "d) stragglling"
      ],
      "answer": "A"
    },
    {
      "question": "Correctly spelt word:",
      "options": [
        "a) giberish",
        "b) gibberish",
        "c) gebberish",
        "d) gibberrish"
      ],
      "answer": "B"
    },
    {
      "question": "Correctly spelt word:",
      "options": [
        "a) twitched",
        "b) twitchhed",
        "c) twitchede",
        "d) twithed"
      ],
      "answer": "A"
    },
    {
      "question": "Correctly spelt word:",
      "options": [
        "a) croching",
        "b) crousching",
        "c) cruoching",
        "d) crouching"
      ],
      "answer": "D"
    },
    {
      "question": "Correctly spelt word:",
      "options": [
        "a) dwinedling",
        "b) dwindlling",
        "c) dwindling",
        "d) dwinddling"
      ],
      "answer": "C"
    },
    {
      "question": "RAW (Incorrect Usage)",
      "options": [
        "a) some tribes in Africa eat raw meat.",
        "b) it was such a raw deal",
        "c) his style is still raw",
        "d) he had a raw with his friends last night"
      ],
      "answer": "D"
    },
    {
      "question": "CLOSE (Incorrect Usage)",
      "options": [
        "a) if you close your eyes, you will not be able to see.",
        "b) this road is closed.",
        "c) Rahul and Ravi are closed friends.",
        "d) the judge declared the case closed."
      ],
      "answer": "C"
    },
    {
      "question": "PACK (Incorrect Usage)",
      "options": [
        "a) people packed into the stadium to watch the cricket match.",
        "b) what pack do they offer in the company ?",
        "c) a pack of dogs hounded them.",
        "d) the aircraft's engines packed up"
      ],
      "answer": "B"
    },
    {
      "question": "TRAVEL (Incorrect Usage)",
      "options": [
        "a) light travels faster than sound.",
        "b) my mind travelled over the past events",
        "c) the railway travels hundreds of miles across the country.",
        "d) travel helps to broaden our understanding of other people."
      ],
      "answer": "C"
    },
    {
      "question": "MIND (Incorrect Usage)",
      "options": [
        "a) I have made up my mind.",
        "b) we are all of one mind on this issue.",
        "c) would you please mind the baby while I'm gone?",
        "d) I mind you to be careful when you are alone in the house."
      ],
      "answer": "D"
    }
  ]
}