{
  "category": "Vocabulary - One Word Substitution",
  "total_questions": 379,
  "questions": [
    {
      "question": "One who always doubts",
      "options": [
        "a) Theist",
        "b) Atheist",
        "c) Sceptic",
        "d) Doubter"
      ],
      "answer": "C"
    },
    {
      "question": "Life history of a person written by another",
      "options": [
        "a) Bibliography",
        "b) Autobiography",
        "c) Biography",
        "d) Memoir"
      ],
      "answer": "C"
    },
    {
      "question": "A government run by a dictator",
      "options": [
        "a) Democracy",
        "b) Oligarchy",
        "c) Theocracy",
        "d) Autocracy"
      ],
      "answer": "D"
    },
    {
      "question": "Large scale departure of people",
      "options": [
        "a) Migration",
        "b) Immigration",
        "c) Emigration",
        "d) Exodus"
      ],
      "answer": "D"
    },
    {
      "question": "A person living permanently in a certain place",
      "options": [
        "a) Native",
        "b) Resident",
        "c) Domicile",
        "d) Subject"
      ],
      "answer": "B (Note: 'Domicile' is sometimes used in exams for status, but 'Resident' describes the person)"
    },
    {
      "question": "A child of unusual talent",
      "options": [
        "a) Scholar",
        "b) Diligent",
        "c) Genius",
        "d) Prodigy"
      ],
      "answer": "D"
    },
    {
      "question": "A small piece of wood",
      "options": [
        "a) Splinter",
        "b) Crumb",
        "c) Scrap",
        "d) Chip"
      ],
      "answer": "A"
    },
    {
      "question": "Place where birds are kept",
      "options": [
        "a) Zoo",
        "b) Armoury",
        "c) Aviary",
        "d) Apiary"
      ],
      "answer": "C"
    },
    {
      "question": "A group of three novels / play each complete in itself",
      "options": [
        "a) Triplet",
        "b) Triumvir",
        "c) Trilogy",
        "d) Trivet"
      ],
      "answer": "C"
    },
    {
      "question": "Stealing from the writings of others",
      "options": [
        "a) Copying",
        "b) Reframing",
        "c) Reproducing",
        "d) Plagiarising"
      ],
      "answer": "D"
    },
    {
      "question": "The depository where state records and documents are preserved",
      "options": [
        "a) Emporium",
        "b) Archive",
        "c) Library",
        "d) Museum"
      ],
      "answer": "B"
    },
    {
      "question": "The firing of many guns at the same time to mark an occasion is called",
      "options": [
        "a) Fusillade",
        "b) Salvo",
        "c) Attack",
        "d) Volley"
      ],
      "answer": "B"
    },
    {
      "question": "That which cannot be conquered is called",
      "options": [
        "a) inevitable",
        "b) invisible",
        "c) invincible",
        "d) incorrigible"
      ],
      "answer": "C"
    },
    {
      "question": "A person living at the same time of another is called",
      "options": [
        "a) prisoner",
        "b) cosmopolitan",
        "c) contemporary",
        "d) colleague"
      ],
      "answer": "C"
    },
    {
      "question": "Beyond the power of nature means",
      "options": [
        "a) divine",
        "b) supernatural",
        "c) spiritual",
        "d) mythical"
      ],
      "answer": "B"
    },
    {
      "question": "The custom of having more than one husband is",
      "options": [
        "a) polygamy",
        "b) polygyny",
        "c) polyglot",
        "d) polyandry"
      ],
      "answer": "D"
    },
    {
      "question": "A combination of similar elements",
      "options": [
        "a) heterogenous",
        "b) amalgam",
        "c) concoction",
        "d) homogenous"
      ],
      "answer": "B"
    },
    {
      "question": "A person who enjoys good food and drink",
      "options": [
        "a) glutton",
        "b) teetotaller",
        "c) epicurean",
        "d) reveller"
      ],
      "answer": "C"
    },
    {
      "question": "A ____ person is very particular about every or minute details.",
      "options": [
        "a) immaculate",
        "b) meticulous",
        "c) amateur",
        "d) professional"
      ],
      "answer": "B"
    },
    {
      "question": "Action that is likely to make people very angry",
      "options": [
        "a) Inflationary",
        "c) Commensurable",
        "b) Inflammable",
        "d) Inflammatory"
      ],
      "answer": "D"
    },
    {
      "question": "A person who looks at the bright side of things",
      "options": [
        "a) Cynic",
        "b) Pessimist",
        "c) Optimist",
        "d) Sycophant"
      ],
      "answer": "C"
    },
    {
      "question": "Not suitable for eating",
      "options": [
        "a) Tasteless",
        "b) Uneatable",
        "c) Inedible",
        "d) Spicy"
      ],
      "answer": "C"
    },
    {
      "question": "The plants and vegetation of a region",
      "options": [
        "a) Landscape",
        "b) Environment",
        "c) Flora",
        "d) Fauna"
      ],
      "answer": "C"
    },
    {
      "question": "Occurring at night",
      "options": [
        "a) Neurotic",
        "b) Nocturnal",
        "c) Dark",
        "d) Nightly"
      ],
      "answer": "B"
    },
    {
      "question": "Study of the relation between an organisme and environment",
      "options": [
        "a) Ecology",
        "b) Geology",
        "c) Botany",
        "d) Entomology"
      ],
      "answer": "A"
    },
    {
      "question": "A disease which spreads by contact",
      "options": [
        "a) curable",
        "b) infectious",
        "c) fatal",
        "d) contagious"
      ],
      "answer": "D"
    },
    {
      "question": "A man who rarely speaks the truth",
      "options": [
        "a) crook",
        "b) liar",
        "c) scoundrel",
        "d) hypocrite"
      ],
      "answer": "B"
    },
    {
      "question": "One who studies insect life",
      "options": [
        "a) Geologist",
        "b) Zoologist",
        "c) Entomologist",
        "d) Botanist"
      ],
      "answer": "C"
    },
    {
      "question": "A lady who remains unmarried",
      "options": [
        "a) spinster",
        "b) artist",
        "c) bachelor",
        "d) misanthrope"
      ],
      "answer": "A"
    },
    {
      "question": "Animal that feeds on plants",
      "options": [
        "a) carnivorous",
        "b) herbivorous",
        "c) insectivorous",
        "d) graminivorous"
      ],
      "answer": "B"
    },
    {
      "question": "A building where dead bodies are kept.",
      "options": [
        "a) Cemetery",
        "b) Mortuary",
        "c) Crematory",
        "d) Crypt"
      ],
      "answer": "B"
    },
    {
      "question": "One who is all powerful.",
      "options": [
        "a) Omniscient",
        "b) Omnipotent",
        "c) Omnipresent",
        "d) Omnivorous"
      ],
      "answer": "B"
    },
    {
      "question": "A person who doubts the truth of what is being told.",
      "options": [
        "a) Cynic",
        "b) Miser",
        "c) Critic",
        "d) Sceptic"
      ],
      "answer": "D"
    },
    {
      "question": "A decision taken by the votes of all.",
      "options": [
        "a) Unanimous",
        "b) Agreement",
        "c) Veto",
        "d) Pass"
      ],
      "answer": "A"
    },
    {
      "question": "A person not accepted by society.",
      "options": [
        "a) Misogynist",
        "b) Despot",
        "c) Pariah",
        "d) Pirate"
      ],
      "answer": "C"
    },
    {
      "question": "To keep a great person or event in people's memory",
      "options": [
        "a) Commensurate",
        "b) Commiserate",
        "c) Communicate",
        "d) Commemorate"
      ],
      "answer": "D"
    },
    {
      "question": "Lasting only for a very short while",
      "options": [
        "a) Temperate",
        "b) Temporal",
        "c) Transparent",
        "d) Temporary"
      ],
      "answer": "D"
    },
    {
      "question": "A number of stars grouped together",
      "options": [
        "a) Comet",
        "b) Orbit",
        "c) Solar system",
        "d) Constellation"
      ],
      "answer": "D"
    },
    {
      "question": "Found all over the world",
      "options": [
        "a) Provincial",
        "b) Regional",
        "c) Universal",
        "d) International"
      ],
      "answer": "C"
    },
    {
      "question": "The murder of a man",
      "options": [
        "a) Genocide",
        "b) Homicide",
        "c) Fraticide",
        "d) Regicide"
      ],
      "answer": "B"
    },
    {
      "question": "The custom of having many wives",
      "options": [
        "a) Misogamy",
        "b) Bigamy",
        "c) Polygamy",
        "d) Monogamy"
      ],
      "answer": "C"
    },
    {
      "question": "The custom of having many husbands",
      "options": [
        "a) Misoginy",
        "b) Polygamy",
        "c) Polyandry",
        "d) Monogamy"
      ],
      "answer": "C"
    },
    {
      "question": "A man who rarely speaks the truth",
      "options": [
        "a) Crook",
        "b) Liar",
        "c) Scoundrel",
        "d) Hypocrite"
      ],
      "answer": "B"
    },
    {
      "question": "A place where nuns live and work",
      "options": [
        "a) Hostel",
        "b) Convent",
        "c) Dormitory",
        "d) Quarter"
      ],
      "answer": "B"
    },
    {
      "question": "A person who studies stars, planets and other heavenly bodies",
      "options": [
        "a) Astrologer",
        "b) Raconteur",
        "c) Flounder",
        "d) Astronomer"
      ],
      "answer": "D"
    },
    {
      "question": "Open refusal to obey orders",
      "options": [
        "a) Obedience",
        "b) Adherance",
        "c) Defiance",
        "d) Compliance"
      ],
      "answer": "C"
    },
    {
      "question": "To throw an event into confusion and disorder",
      "options": [
        "a) Disrupt",
        "b) Detonate",
        "c) Erupt",
        "d) Explode"
      ],
      "answer": "A"
    },
    {
      "question": "The Life history of a man written by himself is called",
      "options": [
        "a) Bibliography",
        "b) Autobiography",
        "c) Biography",
        "d) Calligraphy"
      ],
      "answer": "B"
    },
    {
      "question": "A man with prejudiced views against religion",
      "options": [
        "a) Orthodox",
        "b) Bigot",
        "c) Fanatic",
        "d) Profane"
      ],
      "answer": "B"
    },
    {
      "question": "Dungeon entered by trap-door",
      "options": [
        "a) Cellar",
        "b) Ditch",
        "c) Vault",
        "d) Oubiette"
      ],
      "answer": "D"
    },
    {
      "question": "One desirous of getting money",
      "options": [
        "a) Avaricious",
        "b) Voracious",
        "c) Garrulous",
        "d) Greedy"
      ],
      "answer": "A"
    },
    {
      "question": "A funny imitation of a poem",
      "options": [
        "a) Counterfeit",
        "b) Sonnet",
        "c) Caricature",
        "d) Parody"
      ],
      "answer": "D"
    },
    {
      "question": "A house for storing grains",
      "options": [
        "a) Cellar",
        "b) Store",
        "c) Godown",
        "d) Granary"
      ],
      "answer": "D"
    },
    {
      "question": "A place where bricks are baked",
      "options": [
        "a) Foundry",
        "b) Mint",
        "c) Cemetery",
        "d) Kiln"
      ],
      "answer": "D"
    },
    {
      "question": "To do away with a rule",
      "options": [
        "a) Cancel",
        "b) Repeal",
        "c) Obliterate",
        "d) Abrogate"
      ],
      "answer": "D"
    },
    {
      "question": "A heavy unnatural slumber",
      "options": [
        "a) Nap",
        "b) Coma",
        "c) Insomnia",
        "d) Stupor"
      ],
      "answer": "B"
    },
    {
      "question": "Walk in a vain, self-important way",
      "options": [
        "a) Jog",
        "b) Trek",
        "c) Trudge",
        "d) Strut"
      ],
      "answer": "D"
    },
    {
      "question": "A song sung at a burial",
      "options": [
        "a) Elegy",
        "b) Ode",
        "c) Dirge",
        "d) Ballad"
      ],
      "answer": "C"
    },
    {
      "question": "Allowance due to a wife from her husband on legal separation",
      "options": [
        "a) debt",
        "b) alimony",
        "c) compensation",
        "d) damages"
      ],
      "answer": "B"
    },
    {
      "question": "Those who live in trees are",
      "options": [
        "a) adhesive",
        "b) fluvial",
        "c) arboreal",
        "d) frill"
      ],
      "answer": "C"
    },
    {
      "question": "Spanish-speaking people living in the U.S.",
      "options": [
        "a) Hispanic",
        "b) Spaniards",
        "c) Afro-American",
        "d) Portuguese"
      ],
      "answer": "A"
    },
    {
      "question": "Sleep-walking",
      "options": [
        "a) hallucination",
        "b) reverie",
        "c) somnambulism",
        "d) incantation"
      ],
      "answer": "C"
    },
    {
      "question": "Using a milder word/phrase instead of a harse or direct one.",
      "options": [
        "a) euphemism",
        "b) metaphor",
        "c) simile",
        "d) anecdote"
      ],
      "answer": "A"
    },
    {
      "question": "The violation or profaning of sacred things",
      "options": [
        "A) Sacrilege",
        "B) Sinecure",
        "C) Sensory",
        "D) Sanctimonious"
      ],
      "answer": "A"
    },
    {
      "question": "One who hates or is strongly prejudiced against women",
      "options": [
        "A) Misogamist",
        "B) Misanthropist",
        "C) Misogynist",
        "D) Misobiblic."
      ],
      "answer": "C"
    },
    {
      "question": "Dotage means:",
      "options": [
        "(A) Something very special",
        "(B) A lack of activity",
        "(C) Extreme old age",
        "(D) Irregular"
      ],
      "answer": "C"
    },
    {
      "question": "A person employed to stand at the entrance to a club",
      "options": [
        "(A) butler",
        "(B) boxer",
        "(C) bouncer",
        "(D) chauffeur"
      ],
      "answer": "C"
    },
    {
      "question": "A person whose job is to manage the financial affairs of a school or college",
      "options": [
        "(A) moderator",
        "(B) broker",
        "(C) curator",
        "(D) bursar"
      ],
      "answer": "D"
    },
    {
      "question": "To make a company smaller in order to reduce costs",
      "options": [
        "(A) downsize",
        "(B) cut",
        "(C) scale",
        "(D) slash"
      ],
      "answer": "A"
    },
    {
      "question": "A person who worries all the time",
      "options": [
        "(A) hypoallergenic",
        "(B) hypotensive",
        "(C) hypochondriac",
        "(D) hypoglycaemic"
      ],
      "answer": "C"
    },
    {
      "question": "A place where people meet for an organized event",
      "options": [
        "(A) location",
        "(B) spot",
        "(C) venue",
        "(D) area"
      ],
      "answer": "C"
    },
    {
      "question": "A person who abstains from all kinds of alcoholic drinks",
      "options": [
        "(A) Tenant",
        "(B) Teetotaller",
        "(C) Drunkard",
        "(D) Truant"
      ],
      "answer": "B"
    },
    {
      "question": "The process in which a business or an organization starts operating on an international scale",
      "options": [
        "(A) Proliferation",
        "(B) Development",
        "(C) Globalization",
        "(D) Revolution"
      ],
      "answer": "C"
    },
    {
      "question": "To throw an event into confusion and disorder",
      "options": [
        "(A) Disrupt",
        "(B) Detonate",
        "(C) Erupt",
        "(D) Explode"
      ],
      "answer": "A"
    },
    {
      "question": "A brave, noble-minded or chivalrous man",
      "options": [
        "(A) robust",
        "(B) gallant",
        "(C) handsome",
        "(D) reckless"
      ],
      "answer": "B"
    },
    {
      "question": "A person who helps another to commit a crime",
      "options": [
        "(A) accomplice",
        "(B) assistant",
        "(C) supporter",
        "(D) colleague"
      ],
      "answer": "A"
    },
    {
      "question": "Something that is poisonous or unhealthy",
      "options": [
        "(A) tragic",
        "(B) trivial",
        "(C) toxic",
        "(D) torpid"
      ],
      "answer": "C"
    },
    {
      "question": "A person who abstains from all kinds of alcoholic drinks",
      "options": [
        "(A) Tenant",
        "(B) Teetotaller",
        "(C) Drunkard",
        "(D) Truant"
      ],
      "answer": "B"
    },
    {
      "question": "The process in which a business or an organization starts operating on an international scale",
      "options": [
        "(A) Proliferation",
        "(B) Development",
        "(C) Globalization",
        "(D) Revolution"
      ],
      "answer": "C"
    },
    {
      "question": "To throw an event into confusion and disorder",
      "options": [
        "(A) Disrupt",
        "(B) Detonate",
        "(C) Erupt",
        "(D) Explode"
      ],
      "answer": "A"
    },
    {
      "question": "A brave, noble-minded or chivalrous man",
      "options": [
        "(A) robust",
        "(B) gallant",
        "(C) handsome",
        "(D) reckless"
      ],
      "answer": "B"
    },
    {
      "question": "A person who helps another to commit a crime",
      "options": [
        "(A) accomplice",
        "(B) assistant",
        "(C) supporter",
        "(D) colleague"
      ],
      "answer": "A"
    },
    {
      "question": "Something that is poisonous or unhealthy",
      "options": [
        "(A) tragic",
        "(B) trivial",
        "(C) toxic",
        "(D) torpid"
      ],
      "answer": "C"
    },
    {
      "question": "A person who goes on horseback",
      "options": [
        "(A) Pedestrian",
        "(B) Epicurean",
        "(C) Equestrian",
        "(D) Cowboy"
      ],
      "answer": "C"
    },
    {
      "question": "A lady's umbrella",
      "options": [
        "(A) Parasol",
        "(B) Helmet",
        "(C) Fashion",
        "(D) Shade"
      ],
      "answer": "A"
    },
    {
      "question": "A sad song",
      "options": [
        "(A) Ditty",
        "(B) Dirge",
        "(C) Sonnet",
        "(D) Hymn"
      ],
      "answer": "B"
    },
    {
      "question": "A person chosen by the quarrelling parties to settle their differences",
      "options": [
        "(A) Mediator",
        "(B) Arbiter",
        "(C) Agent",
        "(D) Arbitrator"
      ],
      "answer": "D"
    },
    {
      "question": "A person who talks continuously",
      "options": [
        "(A) Avaricious",
        "(B) Loquacious",
        "(C) Voracious",
        "(D) Imperious"
      ],
      "answer": "B"
    },
    {
      "question": "Doing harm secretly",
      "options": [
        "(A) Insipid",
        "(B) Insidious",
        "(C) Intractable",
        "(D) Inviolable"
      ],
      "answer": "B"
    },
    {
      "question": "Moving from place to place",
      "options": [
        "(A) Peripatetic",
        "(B) Oscillate",
        "(C) Pandering",
        "(D) Locate"
      ],
      "answer": "A"
    },
    {
      "question": "A lady's purse",
      "options": [
        "(A) Parasol",
        "(B) Pantomime",
        "(C) Reticule",
        "(D) Handbag"
      ],
      "answer": "C"
    },
    {
      "question": "A person with full discretionary powers to act on behalf of a country",
      "options": [
        "(A) Emissary",
        "(B) Ambassador",
        "(C) Plenipotentiary",
        "(D) Envoy"
      ],
      "answer": "C"
    },
    {
      "question": "A person who is very fond of sensuous pleasures",
      "options": [
        "(A) Epicure",
        "(B) Stoic",
        "(C) Charlatan",
        "(D) Misogynist"
      ],
      "answer": "A"
    },
    {
      "question": "Someone having many skills",
      "options": [
        "(A) projectile",
        "(B) cyclostyle",
        "(C) anglophile",
        "(D) versatile"
      ],
      "answer": "D"
    },
    {
      "question": "A person who studies stars, planets and other heavenly bodies",
      "options": [
        "(A) astronomer",
        "(B) raconteur",
        "(C) flounder",
        "(D) astrologer"
      ],
      "answer": "A"
    },
    {
      "question": "A person who is killed because of their religious or other beliefs",
      "options": [
        "(A) soldier",
        "(B) revolutionary",
        "(C) martyr",
        "(D) patriot"
      ],
      "answer": "C"
    },
    {
      "question": "SOMEONE HAVING MANY SKILLS",
      "options": [
        "(A) projectile",
        "(B) cyclostyle",
        "(C) anglophile",
        "(D) versatile"
      ],
      "answer": "D"
    },
    {
      "question": "A PERSON WHO STUDIES STARS, PLANETS AND OTHER HEAVENLY BODIES",
      "options": [
        "(A) astrologer",
        "(B) raconteur",
        "(C) flounder",
        "(D) astronomer"
      ],
      "answer": "D"
    },
    {
      "question": "A PERSON WHO IS KILLED BECAUSE OF THEIR RELIGIOUS OR OTHER BELIEFS",
      "options": [
        "(A) soldier",
        "(B) revolutionary",
        "(C) martyr",
        "(D) patriot"
      ],
      "answer": "C"
    },
    {
      "question": "GOVERNMENT CHOSEN BY THE PEOPLE",
      "options": [
        "(A) autocracy",
        "(B) democracy",
        "(C) socialism",
        "(D) anarchy"
      ],
      "answer": "B"
    },
    {
      "question": "A PERSON WHO STUDIES AND TREATS CANCER",
      "options": [
        "(A) ophthalmologist",
        "(B) oncologist",
        "(C) optometrist",
        "(D) pathologist"
      ],
      "answer": "B"
    },
    {
      "question": "A PERSON WHO STUDIES THE HISTORY OF LIFE ON THE EARTH THROUGH FOSSIL RECORDS",
      "options": [
        "(A) historian",
        "(B) zoologist",
        "(C) palaeontologist",
        "(D) botanist"
      ],
      "answer": "C"
    },
    {
      "question": "A PERSON WHO DEVICES NEW MACHINES TO MAKE WORK EASIER",
      "options": [
        "(A) discoverer",
        "(B) mechanic",
        "(C) scientist",
        "(D) inventor"
      ],
      "answer": "D"
    },
    {
      "question": "ONE WHO BELIEVES IN FATE",
      "options": [
        "(A) Fanatic",
        "(B) Fatidic",
        "(C) Fatalist",
        "(D) Fanalist"
      ],
      "answer": "C"
    },
    {
      "question": "AN IMAGINARY IDEAL SOCIETY FREE OF POVERTY AND SUFFERING",
      "options": [
        "(A) Utopia",
        "(B) Zootopia",
        "(C) Etopia",
        "(D) Miopia"
      ],
      "answer": "A"
    },
    {
      "question": "A GOVERNMENT OF THE WEALTHY",
      "options": [
        "(A) Monarchy",
        "(B) Democracy",
        "(C) Nomocracy",
        "(D) Plutocracy"
      ],
      "answer": "D"
    },
    {
      "question": "A DISGUISED OR A SECRET WAY OF WRITING",
      "options": [
        "(A) Calligraph",
        "(B) Dartograph",
        "(C) Cypher",
        "(D) Choreograph"
      ],
      "answer": "C"
    },
    {
      "question": "A LARGE CAGE, PLACE OR ENCLOSURE TO KEEP BIRDS",
      "options": [
        "(A) Asylum",
        "(B) Aviary",
        "(C) Granary",
        "(D) Armory"
      ],
      "answer": "B"
    },
    {
      "question": "Directions: Substitute the phrase with a single word. To give up a throne voluntarily",
      "options": [
        "a) Archer",
        "b) Bigot",
        "c) Abdicate",
        "d) Delegate"
      ],
      "answer": "C"
    },
    {
      "question": "A science of race, culture and human development",
      "options": [
        "a) Tannery",
        "b) Eugenics",
        "c) Volley",
        "d) Treak"
      ],
      "answer": "B"
    },
    {
      "question": "Medicine that causes vomiting",
      "options": [
        "a) Valise",
        "b) Analgesic",
        "c) Pyretic",
        "d) Emetic"
      ],
      "answer": "D"
    },
    {
      "question": "To come to another country",
      "options": [
        "a) Immigrate",
        "b) Emigrate",
        "c) Foreigner",
        "d) Wanderer"
      ],
      "answer": "A (Immigrate implies coming to; Emigrate implies leaving from)."
    },
    {
      "question": "Of sound which cannot be heard",
      "options": [
        "a) Incorrigible",
        "b) Ineffable",
        "c) Inaudible",
        "d) Audible"
      ],
      "answer": "C"
    },
    {
      "question": "That which catches fire easily",
      "options": [
        "a) Inflammable",
        "b) Incombustible",
        "c) Fireproof",
        "d) Non-flammable"
      ],
      "answer": "A (Note: \"Inflammable\" and \"Flammable\" mean the same thing)."
    },
    {
      "question": "Of one who is all powerful",
      "options": [
        "a) Omniscient",
        "b) Omnipotent",
        "c) Omnibus",
        "d) Omnipresent"
      ],
      "answer": "B"
    },
    {
      "question": "One who believes in fate",
      "options": [
        "a) Fatalist",
        "b) Faithless",
        "c) Fated",
        "d) Fastidious"
      ],
      "answer": "A"
    },
    {
      "question": "Bibliophile (File 17 - Definition)",
      "options": [
        "a) One who loves bibliographies",
        "b) One who loves autobiographies",
        "c) One who loves books",
        "d) One who loves memories"
      ],
      "answer": "C"
    },
    {
      "question": "One who believes in God",
      "options": [
        "a) Atheist",
        "b) Misogynist",
        "c) Theist",
        "d) Philanthropist"
      ],
      "answer": "C"
    },
    {
      "question": "The art of collecting stamps",
      "options": [
        "a) Philately",
        "b) Stamp collector",
        "c) Items collection",
        "d) Postal art"
      ],
      "answer": "A"
    },
    {
      "question": "A place for improving one's health",
      "options": [
        "a) Infirmary",
        "b) Resort",
        "c) Park",
        "d) Spa"
      ],
      "answer": "B"
    },
    {
      "question": "A place for the storage of weapons",
      "options": [
        "a) Fort",
        "b) Arsenal",
        "c) Barn",
        "d) Storehouse"
      ],
      "answer": "B"
    },
    {
      "question": "Notorious (File 17 - Definition)",
      "options": [
        "a) Having a bad reputation",
        "b) An objectionable person",
        "c) A robber",
        "d) A murderer"
      ],
      "answer": "A"
    },
    {
      "question": "Someone who seizes power unlawfully",
      "options": [
        "a) Usurper",
        "b) Hypocrite",
        "c) Heretic",
        "d) Fanatic"
      ],
      "answer": "A"
    },
    {
      "question": "The art of beautiful handwriting",
      "options": [
        "a) Designer",
        "b) Calligraphy",
        "c) Choreography",
        "d) Discography"
      ],
      "answer": "B"
    },
    {
      "question": "A statement that apparently contradicts itself and yet might be true",
      "options": [
        "a) Orthodox",
        "b) Puzzle",
        "c) Paradox",
        "d) Riddle"
      ],
      "answer": "C"
    },
    {
      "question": "To act without thinking",
      "options": [
        "a) Deceitful",
        "b) Mischievous",
        "c) Witty",
        "d) Impulsive"
      ],
      "answer": "D"
    },
    {
      "question": "Animals which live both on land and sea",
      "options": [
        "a) Amphibian",
        "b) Aquatic",
        "c) Nocturnal",
        "d) Herbivores"
      ],
      "answer": "A"
    },
    {
      "question": "A speech delivered without any prior preparation",
      "options": [
        "a) Extempore",
        "b) Dialogue",
        "c) Monologue",
        "d) Rehearsed"
      ],
      "answer": "A"
    },
    {
      "question": "One who eats too much",
      "options": [
        "a) Glutton",
        "b) Gourmet",
        "c) Epicure",
        "d) Cannibal"
      ],
      "answer": "A"
    },
    {
      "question": "A person who looks on the bright side of everything",
      "options": [
        "a) Optimist",
        "b) Realist",
        "c) Idealist",
        "d) Dreamer"
      ],
      "answer": "A"
    },
    {
      "question": "A person who believes in the absence of government or laws",
      "options": [
        "a) Anarchist",
        "b) Pacifist",
        "c) Socialist",
        "d) Nihilist"
      ],
      "answer": "A"
    },
    {
      "question": "One who is indifferent to pleasure or pain",
      "options": [
        "a) Stoic",
        "b) Cynic",
        "c) Egoist",
        "d) Mystic"
      ],
      "answer": "A"
    },
    {
      "question": "DIFFICULT TO PLEASE",
      "options": [
        "a) Indifferent",
        "b) Carefree",
        "c) Insatiable",
        "d) Fastidious"
      ],
      "answer": "D"
    },
    {
      "question": "WORTHY OF BEING BELIEVED",
      "options": [
        "a) Credible",
        "b) Audible",
        "c) Articulate",
        "d) Inanimate"
      ],
      "answer": "A"
    },
    {
      "question": "SPEECH MADE FOR THE FIRST TIME",
      "options": [
        "a) Speaker",
        "b) Maiden",
        "c) Veteran",
        "d) Novice"
      ],
      "answer": "B"
    },
    {
      "question": "PRESENT EVERYWHERE AT THE SAME TIME",
      "options": [
        "a) Omniscient",
        "b) Omnipotent",
        "c) Optimistic",
        "d) Omnipresent"
      ],
      "answer": "D"
    },
    {
      "question": "ACT OF COPYING ANOTHER PERSON'S IDEAS...",
      "options": [
        "a) Copyist",
        "b) Imitator",
        "c) Plagiarism",
        "d) Mimic"
      ],
      "answer": "C"
    },
    {
      "question": "WALKING IN SLEEP",
      "options": [
        "a) Somniloquism",
        "b) Hallucination",
        "c) Obsession",
        "d) Somnambulism"
      ],
      "answer": "D"
    },
    {
      "question": "AN INSECT WITH MANY LEGS",
      "options": [
        "a) Mammal",
        "b) Herbivorous",
        "c) Centipede",
        "d) Vertebrate"
      ],
      "answer": "C"
    },
    {
      "question": "A PERSON WHO HAS NO MONEY TO PAY OFF DEBTS",
      "options": [
        "a) Insolvent",
        "b) Pauper",
        "c) Beggar",
        "d) Debtor"
      ],
      "answer": "A"
    },
    {
      "question": "A PLACE WHERE HISTORICAL RECORDS ARE KEPT",
      "options": [
        "a) Archive",
        "b) Textbooks",
        "c) Museum",
        "d) Gallery"
      ],
      "answer": "A"
    },
    {
      "question": "EXPRESSIVE IN THE USE OF WORDS",
      "options": [
        "a) Taciturn",
        "b) Eloquent",
        "c) Prolific",
        "d) Inarticulate"
      ],
      "answer": "B"
    },
    {
      "question": "AN INDEPENDENT PERSON OFFICIALLY APPOINTED TO SETTLE A DISPUTE",
      "options": [
        "a) Officer",
        "b) Contender",
        "c) Arbitrator",
        "d) Counsellor"
      ],
      "answer": "C"
    },
    {
      "question": "A PERSON WHO IS SHY...",
      "options": [
        "a) Ambivert",
        "b) Extrovert",
        "c) Introvert",
        "d) Omnivert"
      ],
      "answer": "C"
    },
    {
      "question": "IMPOSSIBLE TO SEE THROUGH AN OBJECT",
      "options": [
        "a) Opaque",
        "b) Translucent",
        "c) Transparent",
        "d) Glassy"
      ],
      "answer": "A"
    },
    {
      "question": "JANE LEFT HER PLACE OF BIRTH TO GO TO ANOTHER COUNTRY. JANE IS A/AN",
      "options": [
        "a) emigrant",
        "b) immigrant",
        "c) tourist",
        "d) alien"
      ],
      "answer": "A"
    },
    {
      "question": "TOM HAS A HOBBY OF COLLECTING POSTAGE STAMPS",
      "options": [
        "a) philanthropist",
        "b) collector",
        "c) philatelist",
        "d) antiquarian"
      ],
      "answer": "C"
    },
    {
      "question": "A PERSON'S LIFE HISTORY WRITTEN BY HIM OR HER",
      "options": [
        "a) biography",
        "b) memoir",
        "c) journal",
        "d) autobiography"
      ],
      "answer": "D"
    },
    {
      "question": "MR. MEHTA SENDS GOODS PRODUCED IN INDIA TO EUROPE...",
      "options": [
        "a) exporter",
        "b) importer",
        "c) wholesaler",
        "d) retailer"
      ],
      "answer": "A"
    },
    {
      "question": "A man who rarely speaks the truth",
      "options": [
        "a) Crook",
        "b) Liar",
        "c) Scoundrel",
        "d) Hypocrite"
      ],
      "answer": "B"
    },
    {
      "question": "The custom of having many wives",
      "options": [
        "a) Misogamy",
        "b) Bigamy",
        "c) Polygamy",
        "d) Monogamy"
      ],
      "answer": "C"
    },
    {
      "question": "A doctor who treats skin diseases",
      "options": [
        "a) Cardiologist",
        "b) Dermatologist",
        "c) Dentist",
        "d) Pediatrician"
      ],
      "answer": "B"
    },
    {
      "question": "A person who studies stars, planets...",
      "options": [
        "a) Astrologer",
        "b) Raconteur",
        "c) Flounder",
        "d) Astronomer"
      ],
      "answer": "D"
    },
    {
      "question": "A person who is killed because of their religious... beliefs",
      "options": [
        "a) Soldier",
        "b) Revolutionary",
        "c) Martyr",
        "d) Patriot"
      ],
      "answer": "C"
    },
    {
      "question": "Something deserving of praise or admiration",
      "options": [
        "a) laudible",
        "b) laudable",
        "c) laudeble",
        "d) lauduble"
      ],
      "answer": "B"
    },
    {
      "question": "Unselfish concern for the welfare of others",
      "options": [
        "a) anorexic",
        "b) autistic",
        "c) altruism",
        "d) autism"
      ],
      "answer": "C"
    },
    {
      "question": "A temporary departure from the main subject in speech or writing",
      "options": [
        "a) degression",
        "b) digreesion",
        "c) diggresion",
        "d) digression"
      ],
      "answer": "D"
    },
    {
      "question": "A newly coined word or expression",
      "options": [
        "a) Neologism",
        "b) Numismatics",
        "c) Epigraphy",
        "d) Etymology"
      ],
      "answer": "A"
    },
    {
      "question": "A person who lends money at unreasonably high rates of interest",
      "options": [
        "a) Money lender",
        "b) Financier",
        "c) Usurer",
        "d) Investor"
      ],
      "answer": "C"
    },
    {
      "question": "A collection of historical documents or records...",
      "options": [
        "a) Archive",
        "b) Museum",
        "c) Library",
        "d) Register"
      ],
      "answer": "A"
    },
    {
      "question": "Alchemy (File 32 - Definition)",
      "options": [
        "a) A form of Physics",
        "b) A form of Biology",
        "c) A form of Chemistry",
        "d) A form of Geography"
      ],
      "answer": "C (Medieval forerunner of chemistry)."
    },
    {
      "question": "Spoken or done without preparation",
      "options": [
        "a) Sudden",
        "b) On the spot",
        "c) Extempore",
        "d) Blindly"
      ],
      "answer": "C"
    },
    {
      "question": "A remedy for all diseases",
      "options": [
        "a) Antidote",
        "b) Anecdote",
        "c) Panacea",
        "d) Medicine"
      ],
      "answer": "C"
    },
    {
      "question": "A news article that reports the death of a person",
      "options": [
        "a) Notice",
        "b) Advertisement",
        "c) Bulletin",
        "d) Obituary"
      ],
      "answer": "D"
    },
    {
      "question": "A speech delivered for the first time in an Assembly",
      "options": [
        "a) Debut",
        "b) Maiden",
        "c) Inaugural",
        "d) Initiatory"
      ],
      "answer": "B"
    },
    {
      "question": "Pseudonym (File 32 - Meaning)",
      "options": [
        "a) Real name",
        "b) Pet name",
        "c) Namesake",
        "d) Pen name"
      ],
      "answer": "D"
    },
    {
      "question": "Incapable of being read",
      "options": [
        "a) Illiterate",
        "b) Blind",
        "c) Illegible",
        "d) Difficult"
      ],
      "answer": "C"
    },
    {
      "question": "The life history of a person written by himself",
      "options": [
        "a) Biography",
        "b) History",
        "c) Memoir",
        "d) Autobiography"
      ],
      "answer": "D"
    },
    {
      "question": "Several fish swimming together",
      "options": [
        "a) Bunch",
        "b) Horde",
        "c) Swarm",
        "d) Shoal"
      ],
      "answer": "D"
    },
    {
      "question": "A person pretending to be somebody he is not",
      "options": [
        "a) Magician",
        "b) Rogue",
        "c) Imposter",
        "d) Liar"
      ],
      "answer": "C"
    },
    {
      "question": "One who possesses many talents",
      "options": [
        "a) Versatile",
        "b) Nubile",
        "c) Exceptional",
        "d) Gifted"
      ],
      "answer": "A"
    },
    {
      "question": "Words inscribed on tomb",
      "options": [
        "a) Epitome",
        "b) Epistle",
        "c) Epilogue",
        "d) Epitaph"
      ],
      "answer": "D"
    },
    {
      "question": "Something that can be heard",
      "options": [
        "a) Auditory",
        "b) Audio-visual",
        "c) Audible",
        "d) Audition"
      ],
      "answer": "C"
    },
    {
      "question": "Animal that feeds on plants",
      "options": [
        "a) Carnivorous",
        "b) Herbivorous",
        "c) Insectivorous",
        "d) Graminivorous"
      ],
      "answer": "B"
    },
    {
      "question": "The study of election trends",
      "options": [
        "a) Philology",
        "b) Psychology",
        "c) Paleontology",
        "d) Psephology"
      ],
      "answer": "D"
    },
    {
      "question": "One who is a boot licker; flatterer",
      "options": [
        "a) Pariah",
        "b) Sycophant",
        "c) Vagrant",
        "d) Fugitive"
      ],
      "answer": "B"
    },
    {
      "question": "An intelligentsia that develops new or experimental concepts especially in the arts",
      "options": [
        "a) Avant-garde",
        "b) Bohemian",
        "c) Squad",
        "d) Orthodox"
      ],
      "answer": "A"
    },
    {
      "question": "A person who is new to and inexperienced...",
      "options": [
        "a) Expert",
        "b) Veteran",
        "c) Novice",
        "d) Mentor"
      ],
      "answer": "C"
    },
    {
      "question": "A person who studies human societies and cultures",
      "options": [
        "a) Anthropologist",
        "b) Archaeologist",
        "c) Biologist",
        "d) Sociologist"
      ],
      "answer": "A (or D, but 'societies and cultures' often points to Anthropology. Sociology studies society/social behavior. Anthropology studies culture)."
    },
    {
      "question": "A doctor who specializes in treating children",
      "options": [
        "a) Cardiologist",
        "b) Neurologist",
        "c) Paediatrician",
        "d) Gynaecologist"
      ],
      "answer": "C"
    },
    {
      "question": "One who studies weather and atmospheric conditions",
      "options": [
        "a) Geologist",
        "b) Meteorologist",
        "c) Hydrologist",
        "d) Astronomer"
      ],
      "answer": "B"
    },
    {
      "question": "A speech made without preparation",
      "options": [
        "a) Elocution",
        "b) Oration",
        "c) Extempore",
        "d) Rehearsal"
      ],
      "answer": "C"
    },
    {
      "question": "A place to bury dead bodies",
      "options": [
        "a) Catacomb",
        "b) Crypt",
        "c) Cemetery",
        "d) Sepulcher"
      ],
      "answer": "C"
    },
    {
      "question": "A person who studies stars, planets...",
      "options": [
        "a) Astrologer",
        "b) Raconteur",
        "c) Flounder",
        "d) Astronomer"
      ],
      "answer": "D"
    },
    {
      "question": "A handwriting which cannot be easily read",
      "options": [
        "a) Illegible",
        "b) Lucid",
        "c) Legible",
        "d) Edible"
      ],
      "answer": "A"
    },
    {
      "question": "Place where birds are kept",
      "options": [
        "a) Zoo",
        "b) Apiary",
        "c) Armory",
        "d) Aviary"
      ],
      "answer": "D"
    },
    {
      "question": "One who is unable to read or write",
      "options": [
        "a) Genius",
        "b) Illiterate",
        "c) Palisade",
        "d) Pulverize"
      ],
      "answer": "B"
    },
    {
      "question": "A book that contains information on various subjects",
      "options": [
        "a) Dictionary",
        "b) Novel",
        "c) Thesaurus",
        "d) Encyclopedia"
      ],
      "answer": "D"
    },
    {
      "question": "A vain boasting fellow",
      "options": [
        "a) Loudmouth",
        "b) Liar",
        "c) Rascal",
        "d) Braggart"
      ],
      "answer": "D"
    },
    {
      "question": "The science of plants",
      "options": [
        "a) Astronomy",
        "b) Zoology",
        "c) Botany",
        "d) Biology"
      ],
      "answer": "C"
    },
    {
      "question": "A person who does not eat meat",
      "options": [
        "a) Herbivore",
        "b) Non-vegetarian",
        "c) Vegetarian",
        "d) Carnivore"
      ],
      "answer": "C"
    },
    {
      "question": "Fear of confined places",
      "options": [
        "a) Claustrophobia",
        "b) Packophobia",
        "c) Myopia",
        "d) Acrophobia"
      ],
      "answer": "A"
    },
    {
      "question": "One who does not believe in the existence of God",
      "options": [
        "a) Atheist",
        "b) Theism",
        "c) Theist",
        "d) Unbeliever"
      ],
      "answer": "A"
    },
    {
      "question": "That which can be believed",
      "options": [
        "a) Creditable",
        "b) Credible",
        "c) Incredible",
        "d) Credibility"
      ],
      "answer": "B"
    },
    {
      "question": "A system of government... all voters... elect government",
      "options": [
        "a) Autocracy",
        "b) Demography",
        "c) Democracy",
        "d) Democratic"
      ],
      "answer": "C"
    },
    {
      "question": "A collector of coins",
      "options": [
        "a) numismatist",
        "b) philanthropist",
        "c) misologist",
        "d) numerologist"
      ],
      "answer": "A"
    },
    {
      "question": "A robbery at sea",
      "options": [
        "a) kidnapping",
        "b) piracy",
        "c) hijacking",
        "d) ransoming"
      ],
      "answer": "B"
    },
    {
      "question": "Something which is no longer in use",
      "options": [
        "a) abstain",
        "b) obelisk",
        "c) absolute",
        "d) obsolete"
      ],
      "answer": "D"
    },
    {
      "question": "Something which cannot be understood",
      "options": [
        "a) incomprehensible",
        "b) illegal",
        "c) ineligible",
        "d) indelible"
      ],
      "answer": "A"
    },
    {
      "question": "Making a false statement before the court",
      "options": [
        "a) refrain",
        "b) perjury",
        "c) abstain",
        "d) notary"
      ],
      "answer": "B"
    },
    {
      "question": "Making of permanent designs on human bodies",
      "options": [
        "a) highlighting",
        "b) tattooing",
        "c) inking",
        "d) colouring"
      ],
      "answer": "B"
    },
    {
      "question": "The remains of plants and animals preserved in rocks",
      "options": [
        "a) crust",
        "b) fossil",
        "c) niche",
        "d) cliché"
      ],
      "answer": "B"
    },
    {
      "question": "In order of time",
      "options": [
        "a) chronological",
        "b) connected",
        "c) logical",
        "d) illogical"
      ],
      "answer": "A"
    },
    {
      "question": "Love and admiration for oneself",
      "options": [
        "a) anarchist",
        "b) pompous",
        "c) bombastic",
        "d) narcissist"
      ],
      "answer": "D"
    },
    {
      "question": "A concerted set of messages aimed at influencing opinions",
      "options": [
        "a) propaganda",
        "b) defacement",
        "c) parody",
        "d) rumour"
      ],
      "answer": "A"
    },
    {
      "question": "Mutual discourse",
      "options": [
        "a) soliloquy",
        "b) obloquy",
        "c) colloquy",
        "d) eloquence"
      ],
      "answer": "C"
    },
    {
      "question": "Preferring or attracted to sunlight",
      "options": [
        "a) lithophilous",
        "b) heliophilous",
        "c) topophilia",
        "d) homophile"
      ],
      "answer": "B"
    },
    {
      "question": "Lack of civic-mindedness or patriotism",
      "options": [
        "a) iconomachy",
        "b) incivism",
        "c) shag",
        "d) clergy"
      ],
      "answer": "B"
    },
    {
      "question": "A person who stuffs skins of dead animals",
      "options": [
        "a) biloquist",
        "b) philologist",
        "c) taxidermist",
        "d) oculist"
      ],
      "answer": "C"
    },
    {
      "question": "Love for dogs",
      "options": [
        "a) paedophilia",
        "b) sinophilia",
        "c) canophilia",
        "d) zoophilia"
      ],
      "answer": "C"
    },
    {
      "question": "A place where historical records are kept (File 25 - Q11 in text)",
      "options": [
        "a) Archive",
        "b) Textbooks",
        "c) Museum",
        "d) Gallery"
      ],
      "answer": "A"
    },
    {
      "question": "Expressive in the use of words (File 25 - Q12)",
      "options": [
        "a) Taciturn",
        "b) Eloquent",
        "c) Prolific",
        "d) Inarticulate"
      ],
      "answer": "B"
    },
    {
      "question": "An independent person... to settle a dispute (File 25 - Q13)",
      "options": [
        "a) Officer",
        "b) Contender",
        "c) Arbitrator",
        "d) Counsellor"
      ],
      "answer": "C"
    },
    {
      "question": "A person who is shy... (File 25 - Q14)",
      "options": [
        "a) Ambivert",
        "b) Extrovert",
        "c) Introvert",
        "d) Omnivert"
      ],
      "answer": "C"
    },
    {
      "question": "Impossible to see through an object (File 25 - Q15)",
      "options": [
        "a) Opaque",
        "b) Translucent",
        "c) Transparent",
        "d) Glassy"
      ],
      "answer": "A"
    },
    {
      "question": "Directions: Select the word that can be substituted for the given group of words. A FORWARD LOOK OR VIEW INTO THE FUTURE",
      "options": [
        "a) retrospect",
        "b) prospect",
        "c) introspect",
        "d) inspect"
      ],
      "answer": "B"
    },
    {
      "question": "THE PLANTING AND GROWING OF FLOWERS",
      "options": [
        "a) viticulture",
        "b) horticulture",
        "c) floriculture",
        "d) mariculture"
      ],
      "answer": "C"
    },
    {
      "question": "THE ACT OF SPYING",
      "options": [
        "a) espionage",
        "b) eyeing",
        "c) fantasy",
        "d) mercenary"
      ],
      "answer": "A"
    },
    {
      "question": "ONE WHO LOOKS AT THE DARK SIDE OF THINGS",
      "options": [
        "a) heretic",
        "b) optimist",
        "c) pessimist",
        "d) atheist"
      ],
      "answer": "C"
    },
    {
      "question": "A PERSON WHO TRAVELS IN SPACE",
      "options": [
        "a) pilot",
        "b) astronaut",
        "c) choreographer",
        "d) spacer"
      ],
      "answer": "B"
    },
    {
      "question": "A SPEECH OR A VERSE RECITED AT THE END OF THE PLAY",
      "options": [
        "a) Epilogue",
        "b) Prologue",
        "c) Soliloquy",
        "d) Monologue"
      ],
      "answer": "A"
    },
    {
      "question": "AN APARTMENT BUILDING... OWNED SEPARATELY... SHARED AREAS",
      "options": [
        "a) Duplex",
        "b) Caravan",
        "c) Condominium",
        "d) Multiplex"
      ],
      "answer": "C"
    },
    {
      "question": "A SET OF THREE RELATED WORKS BY THE SAME AUTHOR",
      "options": [
        "a) Trichology",
        "b) Ecology",
        "c) Topology",
        "d) Trilogy"
      ],
      "answer": "D"
    },
    {
      "question": "EASY TO SHAPE IN DESIRED FORM",
      "options": [
        "a) portable",
        "b) versatile",
        "c) malleable",
        "d) potable"
      ],
      "answer": "C"
    },
    {
      "question": "VERY PLEASING TO EAT",
      "options": [
        "a) edible",
        "b) insipid",
        "c) mouthful",
        "d) luscious"
      ],
      "answer": "D"
    },
    {
      "question": "ONE WHO DESIRES FREEDOM FROM CONTROL, ESPECIALLY GOVERNMENT CONTROL",
      "options": [
        "a) extremist",
        "b) anarchist",
        "c) terrorist",
        "d) militant"
      ],
      "answer": "B"
    },
    {
      "question": "BEYOND ALL POWER OF DESTRUCTION OF TIME",
      "options": [
        "a) impenetrable",
        "b) immaculate",
        "c) imperishable",
        "d) omnipotent"
      ],
      "answer": "C"
    },
    {
      "question": "COMPOSED OF ELEMENTS HIGHLY DIVERSE IN CHARACTER",
      "options": [
        "a) heterogeneity",
        "b) heterolytic",
        "c) heteroamorous",
        "d) vacillating"
      ],
      "answer": "A"
    },
    {
      "question": "One who is all-powerful is",
      "options": [
        "a) Dictatorial",
        "b) Autocratic",
        "c) Omnipotent",
        "d) Arrogant"
      ],
      "answer": "C"
    },
    {
      "question": "A paper written by the hand is a",
      "options": [
        "a) Xerox copy",
        "b) Print out",
        "c) Calligraphy",
        "d) Manuscript"
      ],
      "answer": "D"
    },
    {
      "question": "A child born after the death of his father is",
      "options": [
        "a) Premature",
        "b) Immature",
        "c) Illegitimate",
        "d) Posthumous"
      ],
      "answer": "D"
    },
    {
      "question": "A person who hates mankind is a",
      "options": [
        "a) Misanthrope",
        "b) Philanthrope",
        "c) Philanthropist",
        "d) Misogynist"
      ],
      "answer": "A"
    },
    {
      "question": "One leaving his native country to settle in another is an",
      "options": [
        "a) Emigrant",
        "b) Immigrant",
        "c) Outsider",
        "d) Alien"
      ],
      "answer": "A"
    },
    {
      "question": "Incapable of being corrected",
      "options": [
        "a) Inexplicable",
        "b) Incorrigible",
        "c) Indivisible",
        "d) Indisputable"
      ],
      "answer": "B"
    },
    {
      "question": "A blow which may cause death is",
      "options": [
        "a) A harmful blow",
        "b) An injurious blow",
        "c) A fatal blow",
        "d) A final blow"
      ],
      "answer": "C"
    },
    {
      "question": "A word which is no longer in use",
      "options": [
        "a) Archaic",
        "b) Outdated",
        "c) Ancient",
        "d) Obsolete"
      ],
      "answer": "D"
    },
    {
      "question": "A SPEECH OR A VERSE RECITED AT THE END OF THE PLAY",
      "options": [
        "a) Epilogue",
        "b) Prologue",
        "c) Soliloquy",
        "d) Monologue"
      ],
      "answer": "A"
    },
    {
      "question": "AN APARTMENT BUILDING... SHARED AREAS",
      "options": [
        "a) Duplex",
        "b) Caravan",
        "c) Condominium",
        "d) Multiplex"
      ],
      "answer": "C"
    },
    {
      "question": "A SET OF THREE RELATED WORKS BY THE SAME AUTHOR",
      "options": [
        "a) Trichology",
        "b) Ecology",
        "c) Topology",
        "d) Trilogy"
      ],
      "answer": "D"
    },
    {
      "question": "SECRET UNDERSTANDING IN ORDER TO DECEIVE SOMEONE",
      "options": [
        "a) collision",
        "b) collusion",
        "c) collation",
        "d) collude"
      ],
      "answer": "B"
    },
    {
      "question": "THAT CANNOT BE CONQUERED MEANS",
      "options": [
        "a) inevitable",
        "b) invincible",
        "c) intolerable",
        "d) introvert"
      ],
      "answer": "B"
    },
    {
      "question": "ART OF GARDEN CULTIVATION MEANS",
      "options": [
        "a) floriculture",
        "b) horticulture",
        "c) apiculture",
        "d) agriculture"
      ],
      "answer": "B"
    },
    {
      "question": "ASSEMBLY OF LISTENERS MEANS",
      "options": [
        "a) audience",
        "b) crowd",
        "c) arena",
        "d) population"
      ],
      "answer": "A"
    },
    {
      "question": "HAVING INFINITE KNOWLEDGE MEANS",
      "options": [
        "a) omniscient",
        "b) efficient",
        "c) clever",
        "d) sharp"
      ],
      "answer": "A"
    },
    {
      "question": "TO COME INTO A COUNTRY AND SETTLE THERE MEANS",
      "options": [
        "a) immigrate",
        "b) emigrate",
        "c) mitigate",
        "d) None of the above"
      ],
      "answer": "A"
    },
    {
      "question": "ABOUT OR LIKELY TO HAPPEN MEANS",
      "options": [
        "a) eminent",
        "b) prominent",
        "c) imminent",
        "d) None of the above"
      ],
      "answer": "C"
    },
    {
      "question": "LASTING FOR A MOMENT MEANS",
      "options": [
        "a) momentous",
        "b) monumental",
        "c) momentary",
        "d) Epic"
      ],
      "answer": "C"
    },
    {
      "question": "OCCURRING AFTER DEATH MEANS",
      "options": [
        "a) epitaph",
        "b) posthumous",
        "c) obituary",
        "d) None of the above"
      ],
      "answer": "B"
    },
    {
      "question": "TO BE MOTIONLESS MEANS",
      "options": [
        "a) statutory",
        "b) stationary",
        "c) stationery",
        "d) None of the above"
      ],
      "answer": "B"
    },
    {
      "question": "A PERSON WHO HATES MANKIND",
      "options": [
        "a) hater",
        "b) philanthropist",
        "c) misanthrope",
        "d) humanist"
      ],
      "answer": "C"
    },
    {
      "question": "A FACTORY FOR MANUFACTURING BEER",
      "options": [
        "a) bar",
        "b) distillation",
        "c) distillery",
        "d) brewery"
      ],
      "answer": "D"
    },
    {
      "question": "THE ART OF IMITATING THE VOICE OF ANOTHER",
      "options": [
        "a) mimicry",
        "b) miming",
        "c) clowning",
        "d) acting"
      ],
      "answer": "A"
    },
    {
      "question": "A PERSON WHO SELLS SWEETS AND PASTRIES",
      "options": [
        "a) baker",
        "b) confectioner",
        "c) chef",
        "d) steward"
      ],
      "answer": "B"
    },
    {
      "question": "THE STUDY OF MANKIND",
      "options": [
        "a) psychology",
        "b) palaeography",
        "c) anthropology",
        "d) geology"
      ],
      "answer": "C"
    },
    {
      "question": "A BOOK OR SET OF BOOKS GIVING INFORMATION...",
      "options": [
        "a) dictionary",
        "b) encyclopedia",
        "c) monolith",
        "d) kindle"
      ],
      "answer": "B"
    },
    {
      "question": "a number of ships",
      "options": [
        "a) patrole",
        "b) caravan",
        "c) crew",
        "d) fleet"
      ],
      "answer": "D"
    },
    {
      "question": "a professional rider in horse races",
      "options": [
        "a) dowar",
        "b) jockey",
        "c) drover",
        "d) novice"
      ],
      "answer": "B"
    },
    {
      "question": "something perfectly neat and tidy",
      "options": [
        "a) immaculate",
        "b) emulate",
        "c) insulate",
        "d) ineffaceable"
      ],
      "answer": "A"
    },
    {
      "question": "a record or table showing the descent of a person or family",
      "options": [
        "a) biography",
        "b) philology",
        "c) genealogy",
        "d) orology"
      ],
      "answer": "C"
    },
    {
      "question": "a person who can be cheated easily",
      "options": [
        "a) cynic",
        "b) fastidious",
        "c) credulous",
        "d) antagonist"
      ],
      "answer": "C"
    },
    {
      "question": "A person who pretends to be what he is not is called an",
      "options": [
        "a) imbiber",
        "b) impresario",
        "c) imitator",
        "d) imposter"
      ],
      "answer": "D"
    },
    {
      "question": "Allowance due to a wife from her husband on legal separation is",
      "options": [
        "a) debt",
        "b) alimony",
        "c) compensation",
        "d) damages"
      ],
      "answer": "B"
    },
    {
      "question": "Those who live in trees are called",
      "options": [
        "a) adhesive",
        "b) fluvial",
        "c) arboreal",
        "d) frill"
      ],
      "answer": "C"
    },
    {
      "question": "Spanish-speaking people living in the U.S. are called",
      "options": [
        "a) Hispanic",
        "b) Spaniards",
        "c) Afro-American",
        "d) Portuguese"
      ],
      "answer": "A"
    },
    {
      "question": "Sleep-walking is called",
      "options": [
        "a) hallucination",
        "b) reverie",
        "c) somnambulism",
        "d) incantation"
      ],
      "answer": "C"
    },
    {
      "question": "Using a milder word/phrase instead of a harsh or direct one is",
      "options": [
        "a) Euphemism",
        "b) metaphor",
        "c) simile",
        "d) anecdote"
      ],
      "answer": "A"
    },
    {
      "question": "A SPEECH OR A VERSE RECITED AT THE END OF THE PLAY",
      "options": [
        "a) Epilogue",
        "b) Prologue",
        "c) Soliloquy",
        "d) Monologue"
      ],
      "answer": "A"
    },
    {
      "question": "AN APARTMENT BUILDING... SHARED AREAS",
      "options": [
        "a) Duplex",
        "b) Caravan",
        "c) Condominium",
        "d) Multiplex"
      ],
      "answer": "C"
    },
    {
      "question": "A SET OF THREE RELATED WORKS BY THE SAME AUTHOR",
      "options": [
        "a) Trichology",
        "b) Ecology",
        "c) Topology",
        "d) Trilogy"
      ],
      "answer": "D"
    },
    {
      "question": "SECRET UNDERSTANDING IN ORDER TO DECEIVE SOMEONE",
      "options": [
        "a) collision",
        "b) collusion",
        "c) collation",
        "d) collude"
      ],
      "answer": "B"
    },
    {
      "question": "THAT CANNOT BE CONQUERED MEANS",
      "options": [
        "a) inevitable",
        "b) invincible",
        "c) intolerable",
        "d) introvert"
      ],
      "answer": "B"
    },
    {
      "question": "ART OF GARDEN CULTIVATION MEANS",
      "options": [
        "a) floriculture",
        "b) horticulture",
        "c) apiculture",
        "d) agriculture"
      ],
      "answer": "B"
    },
    {
      "question": "ASSEMBLY OF LISTENERS MEANS",
      "options": [
        "a) audience",
        "b) crowd",
        "c) arena",
        "d) population"
      ],
      "answer": "A"
    },
    {
      "question": "HAVING INFINITE KNOWLEDGE MEANS",
      "options": [
        "a) omniscient",
        "b) efficient",
        "c) clever",
        "d) sharp"
      ],
      "answer": "A"
    },
    {
      "question": "TO COME INTO A COUNTRY AND SETTLE THERE MEANS",
      "options": [
        "a) immigrate",
        "b) emigrate",
        "c) mitigate",
        "d) None of the above"
      ],
      "answer": "A"
    },
    {
      "question": "ABOUT OR LIKELY TO HAPPEN MEANS",
      "options": [
        "a) eminent",
        "b) prominent",
        "c) imminent",
        "d) None of the above"
      ],
      "answer": "C"
    },
    {
      "question": "LASTING FOR A MOMENT MEANS",
      "options": [
        "a) momentous",
        "b) monumental",
        "c) momentary",
        "d) Epic"
      ],
      "answer": "C"
    },
    {
      "question": "OCCURRING AFTER DEATH MEANS",
      "options": [
        "a) epitaph",
        "b) posthumous",
        "c) obituary",
        "d) None of the above"
      ],
      "answer": "B"
    },
    {
      "question": "TO BE MOTIONLESS MEANS",
      "options": [
        "a) statutory",
        "b) stationary",
        "c) stationery",
        "d) None of the above"
      ],
      "answer": "B"
    },
    {
      "question": "lasting only for a short time",
      "options": [
        "a) transferable",
        "b) negotiable",
        "c) malleable",
        "d) transient"
      ],
      "answer": "D"
    },
    {
      "question": "push or force into a small space",
      "options": [
        "a) cram",
        "b) pack",
        "c) load",
        "d) stack"
      ],
      "answer": "A"
    },
    {
      "question": "to make someone to agree to do something by giving them good reasons for doing it",
      "options": [
        "a) persuade",
        "b) pervade",
        "c) convince",
        "d) coerce"
      ],
      "answer": "A"
    },
    {
      "question": "careful about spending money and not wasting things",
      "options": [
        "a) thrift",
        "b) thrifty",
        "c) tight fisted",
        "d) stingy"
      ],
      "answer": "B"
    },
    {
      "question": "unfounded speculation",
      "options": [
        "a) sprig",
        "b) sceptre",
        "c) tirade",
        "d) conjecture"
      ],
      "answer": "D"
    },
    {
      "question": "to be familiar with",
      "options": [
        "a) concur",
        "b) acquaintanceship",
        "c) conversant",
        "d) recognise"
      ],
      "answer": "C"
    },
    {
      "question": "very pleasing to eat",
      "options": [
        "a) palatable",
        "b) tasty",
        "c) flavour",
        "d) toothsome"
      ],
      "answer": "A"
    },
    {
      "question": "a person who knows and can speak many languages",
      "options": [
        "a) bigot",
        "b) teetotaller",
        "c) misologist",
        "d) polyglot"
      ],
      "answer": "D"
    },
    {
      "question": "incapable of being corrected",
      "options": [
        "a) incoagulable",
        "b) intimidating",
        "c) incorrigible",
        "d) radical"
      ],
      "answer": "C"
    },
    {
      "question": "to give a general idea or description of something without details",
      "options": [
        "a) adroit",
        "b) adumbrate",
        "c) elaborate",
        "d) alleviate"
      ],
      "answer": "B"
    },
    {
      "question": "A building for lodging of soldiers",
      "options": [
        "a) brigade",
        "b) barrack",
        "c) platoon",
        "d) infantry"
      ],
      "answer": "B"
    },
    {
      "question": "A place for improving one's health",
      "options": [
        "a) club",
        "b) pool",
        "c) parlour",
        "d) resort"
      ],
      "answer": "D"
    },
    {
      "question": "A word which is no longer in use",
      "options": [
        "a) obsolete",
        "b) illegible",
        "c) extinct",
        "d) illegal"
      ],
      "answer": "A"
    },
    {
      "question": "A person who is indifferent to pain and pleasure",
      "options": [
        "a) omniscient",
        "b) heretic",
        "c) anarchist",
        "d) stoic"
      ],
      "answer": "D"
    },
    {
      "question": "A person who collects postage stamps",
      "options": [
        "a) philatelist",
        "b) epicure",
        "c) novice",
        "d) philanthropist"
      ],
      "answer": "A"
    },
    {
      "question": "My uncle is a _____ He never consumes alcohol.",
      "options": [
        "a) Teetotaller",
        "b) Altruist",
        "c) Critic",
        "d) Mercenary"
      ],
      "answer": "A"
    },
    {
      "question": "A _____ is where one man murders his brother",
      "options": [
        "a) Homicide",
        "b) Regicide",
        "c) Fratricide",
        "d) Suicide"
      ],
      "answer": "C"
    },
    {
      "question": "A _____ is a medicine which cures all diseases.",
      "options": [
        "a) Panacea",
        "b) Chloroform",
        "c) Stoic",
        "d) Steroid"
      ],
      "answer": "A"
    },
    {
      "question": "_____ is a condition where one walks in one's sleep.",
      "options": [
        "a) Daydream",
        "b) Reverie",
        "c) Nightmare",
        "d) Somnambulism"
      ],
      "answer": "D"
    },
    {
      "question": "Hater of mankind",
      "options": [
        "a) Philanthropist",
        "b) Misanthropist",
        "c) Anthropologist",
        "d) Misogynist"
      ],
      "answer": "B"
    },
    {
      "question": "A place where weapons and ammunitions are stored",
      "options": [
        "a) Weaponry",
        "b) Arsenal",
        "c) Godown",
        "d) Store"
      ],
      "answer": "B"
    },
    {
      "question": "A study of election trends",
      "options": [
        "a) Numerology",
        "b) Psephology",
        "c) Electology",
        "d) Balletology"
      ],
      "answer": "B"
    },
    {
      "question": "Someone who is new to a profession",
      "options": [
        "a) Amateur",
        "b) Novice",
        "c) Accomplice",
        "d) Specialist"
      ],
      "answer": "B"
    },
    {
      "question": "A study of the derivation of words",
      "options": [
        "a) Philology",
        "b) Dictionary",
        "c) Etymology",
        "d) None of the above"
      ],
      "answer": "C"
    },
    {
      "question": "Using more words than wanted",
      "options": [
        "a) verbose",
        "b) verbal",
        "c) venial",
        "d) seamless"
      ],
      "answer": "A"
    },
    {
      "question": "Occurring at the same time",
      "options": [
        "a) recurrent",
        "b) divergent",
        "c) simultaneous",
        "d) continuance"
      ],
      "answer": "C"
    },
    {
      "question": "Who knows all",
      "options": [
        "a) efficient",
        "b) omniscient",
        "c) omnipotent",
        "d) None of the above"
      ],
      "answer": "B"
    },
    {
      "question": "One who spends money lavishly",
      "options": [
        "a) extravagant",
        "b) thrifty",
        "c) miserly",
        "d) enormous"
      ],
      "answer": "A"
    },
    {
      "question": "Belonging to the same time",
      "options": [
        "a) friends",
        "b) colleagues",
        "c) contemporary",
        "d) people"
      ],
      "answer": "C"
    },
    {
      "question": "Lying inactive as in sleep",
      "options": [
        "a) dormant",
        "b) extinct",
        "c) aware",
        "d) awake"
      ],
      "answer": "A"
    },
    {
      "question": "Likely to break",
      "options": [
        "a) tensile",
        "b) brittle",
        "c) ductile",
        "d) None of the above"
      ],
      "answer": "B"
    },
    {
      "question": "Of doubtful classification",
      "options": [
        "a) ambiguous",
        "b) petty",
        "c) ignorant",
        "d) clear"
      ],
      "answer": "A"
    },
    {
      "question": "A person who comes as settler",
      "options": [
        "a) immigrant",
        "b) emigrant",
        "c) vagrant",
        "d) None of the above"
      ],
      "answer": "A"
    },
    {
      "question": "Born after the death of father",
      "options": [
        "a) orphan",
        "b) vagabond",
        "c) posthumous",
        "d) None of the above"
      ],
      "answer": "C"
    },
    {
      "question": "Negligent means",
      "options": [
        "a) one who is careless in general",
        "b) some small or unimportant thing",
        "c) one who is careless in particular things",
        "d) none of the above"
      ],
      "answer": "A"
    },
    {
      "question": "Pacifist",
      "options": [
        "a) a person who is fond of fighting",
        "b) a person who believes in total abolition of war",
        "c) a person who believes in God",
        "d) none of the above"
      ],
      "answer": "B"
    },
    {
      "question": "Soliloquy",
      "options": [
        "a) something said or done at once",
        "b) a speech recited at the beginning",
        "c) speaking aloud while alone",
        "d) a speech at the end of the play"
      ],
      "answer": "C"
    },
    {
      "question": "Pantomime",
      "options": [
        "a) the science of animal life",
        "b) dramatic performance with dumb show",
        "c) that which deals with words",
        "d) the life history of a man written by himself"
      ],
      "answer": "B"
    },
    {
      "question": "Misogynist",
      "options": [
        "a) a lover of womankind",
        "b) a hater of mankind",
        "c) a hater of womankind",
        "d) a lover of oneself"
      ],
      "answer": "C"
    },
    {
      "question": "A person who leaves his country to settle abroad.",
      "options": [
        "a) eminent",
        "b) emigrant",
        "c) immigrant",
        "d) migrant"
      ],
      "answer": "B"
    },
    {
      "question": "A place that houses historical curios.",
      "options": [
        "a) archeology",
        "b) museum",
        "c) temple",
        "d) ordance"
      ],
      "answer": "B"
    },
    {
      "question": "Mental weariness from lack of occupation.",
      "options": [
        "a) ennui",
        "b) exhaustion",
        "c) fatigue",
        "d) depression"
      ],
      "answer": "A"
    },
    {
      "question": "Ambidextrous refers to a person who",
      "options": [
        "a) has Vitamin deficiency",
        "b) can use either left or right hand equally well",
        "c) can do skilled labour",
        "d) is very hard to please"
      ],
      "answer": "B"
    },
    {
      "question": "A place of refuge and protection from cruel treatment.",
      "options": [
        "a) prison",
        "b) exile",
        "c) asylum",
        "d) armoury"
      ],
      "answer": "C"
    },
    {
      "question": "A person who always thinks he is ill means",
      "options": [
        "a) octogenarian",
        "b) valetudinarian",
        "c) valerian",
        "d) agrarian"
      ],
      "answer": "B"
    },
    {
      "question": "One who leads others in any field means",
      "options": [
        "a) torch-bearer",
        "b) pioneer",
        "c) sinecure",
        "d) entrepreneur"
      ],
      "answer": "B"
    },
    {
      "question": "One who loves mankind and seeks to promote the good of others means",
      "options": [
        "a) altruist",
        "b) humanitarian",
        "c) pacifist",
        "d) philanthropist"
      ],
      "answer": "D"
    },
    {
      "question": "One with an evil reputation means.",
      "options": [
        "a) anarchist",
        "b) terrorist",
        "c) notorious",
        "d) renegade"
      ],
      "answer": "C"
    },
    {
      "question": "A noisy bombastic speech addressed to a large assembly means",
      "options": [
        "a) harangue",
        "b) rally",
        "c) symposium",
        "d) conference"
      ],
      "answer": "A"
    },
    {
      "question": "Doing good means",
      "options": [
        "a) beneficial",
        "b) benevolent",
        "c) beneficent",
        "d) benediction"
      ],
      "answer": "C"
    },
    {
      "question": "To agree means",
      "options": [
        "a) ascend",
        "b) assent",
        "c) ascent",
        "d) Accent"
      ],
      "answer": "B"
    },
    {
      "question": "Unbiased means",
      "options": [
        "a) uninterested",
        "b) indifferent",
        "c) disinterested",
        "d) dispassionate"
      ],
      "answer": "C"
    },
    {
      "question": "To keep a great person or event in people's memory:",
      "options": [
        "a) Commensurate",
        "b) Commiserate",
        "c) Communicate",
        "d) Commemorate"
      ],
      "answer": "D"
    },
    {
      "question": "Lasting only for a very short while",
      "options": [
        "a) Temperate",
        "b) Temporal",
        "c) Transparent",
        "d) Temporary"
      ],
      "answer": "D"
    },
    {
      "question": "A number of stars grouped together:",
      "options": [
        "a) Comet",
        "b) Orbit",
        "c) Solar system",
        "d) Constellation"
      ],
      "answer": "D"
    },
    {
      "question": "Found all over the world:",
      "options": [
        "a) Provincial",
        "b) Regional",
        "c) Universal",
        "d) International"
      ],
      "answer": "C"
    },
    {
      "question": "The murder of a man:",
      "options": [
        "a) Genocide",
        "b) Homicide",
        "c) Fraticide",
        "d) Regicide"
      ],
      "answer": "B"
    },
    {
      "question": "one who has a special skill in judging art, music, etc",
      "options": [
        "a) epicure",
        "b) iconoclast",
        "c) connoisseur",
        "d) antiquarian"
      ],
      "answer": "C"
    },
    {
      "question": "one who walks in one's sleep",
      "options": [
        "a) somnambulist",
        "b) mimic",
        "c) teetotaler",
        "d) kleptomaniac"
      ],
      "answer": "A"
    },
    {
      "question": "one who knows many languages",
      "options": [
        "a) versatile",
        "b) oculist",
        "c) polyglot",
        "d) philatelist"
      ],
      "answer": "C"
    },
    {
      "question": "a number of stars grouped together",
      "options": [
        "a) astronomy",
        "b) galaxy",
        "c) fleet",
        "d) constellation"
      ],
      "answer": "D"
    },
    {
      "question": "The letter was written in an ink that cannot be seen.",
      "options": [
        "a) Invincible",
        "b) Indomitable",
        "c) Invisible",
        "d) Illegible"
      ],
      "answer": "C"
    },
    {
      "question": "Animals living in both water and land.",
      "options": [
        "a) Aquatic animals",
        "b) Amphibious animals",
        "c) Cannibals",
        "d) Mammals"
      ],
      "answer": "B"
    },
    {
      "question": "He always prefers to look at the bright side of things.",
      "options": [
        "a) Optimistic",
        "b) Pessimistic",
        "c) Chauvinistic",
        "d) Sadistic"
      ],
      "answer": "A"
    },
    {
      "question": "The life-story of a man written by himself.",
      "options": [
        "a) Autobiography",
        "b) Autograph",
        "c) Biography",
        "d) Manuscript"
      ],
      "answer": "A"
    },
    {
      "question": "An office for which no salary is paid.",
      "options": [
        "a) Honorary",
        "b) Honourable",
        "c) Honour",
        "d) Honest"
      ],
      "answer": "A"
    },
    {
      "question": "The convict is suffering from a disease of uncontrollable desire to steal.",
      "options": [
        "a) schizophrenia",
        "b) megalomania",
        "c) claustrophobia",
        "d) kleptomania"
      ],
      "answer": "D"
    },
    {
      "question": "Does today's meeting have a list of the subjects to be discussed?",
      "options": [
        "a) agenda",
        "b) schedule",
        "c) plan",
        "d) timetable"
      ],
      "answer": "A"
    },
    {
      "question": "Peter is a man who knows many foreign languages.",
      "options": [
        "a) grammarian",
        "b) polyglot",
        "c) linguist",
        "d) bilingual"
      ],
      "answer": "B"
    },
    {
      "question": "Sam believes that he is not sure of the existence of God.",
      "options": [
        "a) critic",
        "b) agnostic",
        "c) theist",
        "d) activist"
      ],
      "answer": "B"
    },
    {
      "question": "He is an expert in the study of ancient societies.",
      "options": [
        "a) anthropology",
        "b) history",
        "c) ethnology",
        "d) archaeology"
      ],
      "answer": "D"
    },
    {
      "question": "Lack of enough blood.",
      "options": [
        "a) Amnesia",
        "b) Insomnia",
        "c) Anaemia",
        "d) Allergy"
      ],
      "answer": "C"
    },
    {
      "question": "People in a rowdy scene",
      "options": [
        "a) Mob",
        "b) Rabble",
        "c) Crowd",
        "d) Audience"
      ],
      "answer": "B"
    },
    {
      "question": "A person who sneaks into a country",
      "options": [
        "a) Infiltrator",
        "b) Sniper",
        "c) Invader",
        "d) Aggressor"
      ],
      "answer": "A"
    },
    {
      "question": "A person 70 to 79 years old",
      "options": [
        "a) Nonagenarian",
        "b) Centenarian",
        "c) Octogenarian",
        "d) Septuagenarian"
      ],
      "answer": "D"
    },
    {
      "question": "Incapable of being wounded",
      "options": [
        "a) Invulnerable",
        "b) Invincible",
        "c) Infallible",
        "d) Impregnable"
      ],
      "answer": "A"
    },
    {
      "question": "A song at a burial",
      "options": [
        "a) Elegy",
        "b) Sonnet",
        "c) Ode",
        "d) Dirge"
      ],
      "answer": "D"
    },
    {
      "question": "One who draws maps and charts",
      "options": [
        "a) Lexicographer",
        "b) Mappier",
        "c) Cartographer",
        "d) Graphologist"
      ],
      "answer": "C"
    },
    {
      "question": "Shelter for cows",
      "options": [
        "a) Hutch",
        "b) Byre",
        "c) Hangar",
        "d) Kennel"
      ],
      "answer": "B"
    },
    {
      "question": "A sea abounding in islands",
      "options": [
        "a) Strait",
        "b) Archipelago",
        "c) Ocean",
        "d) Gulf"
      ],
      "answer": "B"
    },
    {
      "question": "A verse letter",
      "options": [
        "a) Epistle",
        "b) Epitaph",
        "c) Pantomime",
        "d) Lay"
      ],
      "answer": "A"
    },
    {
      "question": "A man who rarely speaks the truth:",
      "options": [
        "a) crook",
        "b) liar",
        "c) scoundrel",
        "d) hypocrite"
      ],
      "answer": "B"
    },
    {
      "question": "The custom of having many wives:",
      "options": [
        "a) misogamy",
        "b) bigamy",
        "c) polygamy",
        "d) monogamy"
      ],
      "answer": "C"
    },
    {
      "question": "A doctor who treats skin diseases:",
      "options": [
        "a) Cardiologist",
        "b) Dermatologist",
        "c) Dentist",
        "d) Pediatrician"
      ],
      "answer": "B"
    },
    {
      "question": "Lasting only for a very short time:",
      "options": [
        "a) transparent",
        "b) temporal",
        "c) temperate",
        "d) temporary"
      ],
      "answer": "D"
    },
    {
      "question": "The study of pre-historic people and their cultures",
      "options": [
        "a) History",
        "b) Archaeology",
        "c) Geography",
        "d) Neurology"
      ],
      "answer": "B"
    },
    {
      "question": "One who is outgoing and outspoken",
      "options": [
        "a) Vulnerable",
        "b) Introvert",
        "c) Extrovert",
        "d) Friendly"
      ],
      "answer": "C"
    },
    {
      "question": "Equally skillful with each hand",
      "options": [
        "a) Flexible",
        "b) Ambidextrous",
        "c) Luscious",
        "d) Misanthrope"
      ],
      "answer": "B"
    },
    {
      "question": "A person who teaches dance moves",
      "options": [
        "a) Dancer",
        "b) Artist",
        "c) Producer",
        "d) Choreographer"
      ],
      "answer": "D"
    },
    {
      "question": "An imaginary ideal society free of poverty and suffering",
      "options": [
        "a) Paradise",
        "b) Eden",
        "c) Utopia",
        "d) Arcadia"
      ],
      "answer": "C"
    },
    {
      "question": "A small village or a group of houses",
      "options": [
        "a) Community",
        "b) Settlement",
        "c) Hamlet",
        "d) Colony"
      ],
      "answer": "C"
    },
    {
      "question": "Failing to discharge one's duty",
      "options": [
        "a) Debacle",
        "b) Dereliction",
        "c) Deterrant",
        "d) Delinquency"
      ],
      "answer": "B"
    },
    {
      "question": "Person leading a life of strict self-discipline",
      "options": [
        "a) Hedonist",
        "b) Disciplinarian",
        "c) Ascetic",
        "d) Martinet"
      ],
      "answer": "C"
    },
    {
      "question": "Habitually silent or talking little",
      "options": [
        "a) Taciturn",
        "b) Hew",
        "c) Unequivocal",
        "d) Servile"
      ],
      "answer": "A"
    },
    {
      "question": "A person who sacrifices his life for a cause",
      "options": [
        "a) Soldier",
        "b) Revolutionary",
        "c) Martyr",
        "d) Patriot"
      ],
      "answer": "C"
    },
    {
      "question": "A group of crows",
      "options": [
        "a) Flock",
        "b) Pack",
        "c) Murder",
        "d) Brood"
      ],
      "answer": "C"
    },
    {
      "question": "To understand and mentally identify oneself with another person or thing",
      "options": [
        "a) Sympathy",
        "b) Empathy",
        "c) Antipathy",
        "d) Pathetic"
      ],
      "answer": "B"
    },
    {
      "question": "Present opposing arguments or evidence",
      "options": [
        "a) Rebuff",
        "b) Reprimand",
        "c) Rebut",
        "d) Reiterate"
      ],
      "answer": "C"
    },
    {
      "question": "A person who leaves his own native country and settles in another country",
      "options": [
        "a) Immigrant",
        "b) Emigrant",
        "c) Migrant",
        "d) Settler"
      ],
      "answer": "B"
    },
    {
      "question": "Code of diplomatic etiquette and precedence",
      "options": [
        "a) Statesmanship",
        "b) Showmanship",
        "c) Formalism",
        "d) Protocol"
      ],
      "answer": "D"
    }
  ]
}